<?xml version="1.0" encoding="UTF-8"?>
    <addon id="repository.jponchofcult" name="JPonchofcult Repository" version="1.0.1" provider-name="Ponchofcult">
        <requires>
            <import addon="xbmc.addon" version="12.0.0"/>
        </requires>
        <extension point="xbmc.addon.repository" name="JPonchofcult Repository">
            <info compressed="false">https://raw.githubusercontent.com/ponchofcult/JPonchofcult/main/_repo/addons.xml</info>
            <checksum>https://raw.githubusercontent.com/ponchofcult/JPonchofcult/main/_repo/addons.xml.md5</checksum>
            <datadir zip="true">https://raw.githubusercontent.com/ponchofcult/JPonchofcult/main/_repo/</datadir>
            <hashes>false</hashes>
        </extension>
        <extension point="xbmc.addon.metadata">
            <summary>JPop and JRock Addon Repository</summary>
            <description>Official Ponchofcult Repository with Japanse Pop and Japanese Rock Content Addons</description>
            <platform>all</platform>
    </extension>
</addon>